{
    "products": [
        {
            "id": 1,
            "image": "https://res.cloudinary.com/dlc5c1ycl/image/upload/v1710567613/cwlk21f74nd9iamrlzkh.png",
            "title": "Jacket",
            "price": 49.99
        },
        {
            "id": 2,
            "image": "https://res.cloudinary.com/dlc5c1ycl/image/upload/v1710567612/qichw3wrcioebkvzudib.png",
            "title": "Jeans",
            "price": 39.99
        },
        {
            "id": 3,
            "image": "https://res.cloudinary.com/dlc5c1ycl/image/upload/v1710567612/vy2q98s8ucsywwxjx2cf.png",
            "title": "Acrylic Sweater",
            "price": 29.99
        },
        {
            "id": 4,
            "image": "https://res.cloudinary.com/dlc5c1ycl/image/upload/v1710567612/smf81ubnfjennk9qbjm4.png",
            "title": "Winter Coat",
            "price": 99.99
        },
        {
            "id": 5,
            "image": "https://res.cloudinary.com/dlc5c1ycl/image/upload/v1710567612/cvafl35dv9wzisdsgtd6.png",
            "title": "Winter Shirts",
            "price": 59.99
        },
        {
            "id": 6,
            "image": "https://res.cloudinary.com/dlc5c1ycl/image/upload/v1710567613/cwlk21f74nd9iamrlzkh.png",
            "title": "Shirts With Jacket",
            "price": 149.99
        },
        {
            "id": 7,
            "image": "https://res.cloudinary.com/dlc5c1ycl/image/upload/v1710567613/cwlk21f74nd9iamrlzkh.png",
            "title": "Leather Jacket",
            "price": 79.99
        },
        {
            "id": 8,
            "image": "https://res.cloudinary.com/dlc5c1ycl/image/upload/v1710567612/qichw3wrcioebkvzudib.png",
            "title": "Blue Jeans",
            "price": 49.99
        },
        {
            "id": 9,
            "image": "https://res.cloudinary.com/dlc5c1ycl/image/upload/v1710567612/vy2q98s8ucsywwxjx2cf.png",
            "title": "Wool Sweater",
            "price": 39.99
        },
        {
            "id": 10,
            "image": "https://res.cloudinary.com/dlc5c1ycl/image/upload/v1710567612/smf81ubnfjennk9qbjm4.png",
            "title": "Parka",
            "price": 129.99
        },
        {
            "id": 11,
            "image": "https://res.cloudinary.com/dlc5c1ycl/image/upload/v1710567612/cvafl35dv9wzisdsgtd6.png",
            "title": "Sweatshirt",
            "price": 19.99
        },
        {
            "id": 12,
            "image": "https://res.cloudinary.com/dlc5c1ycl/image/upload/v1710567613/cwlk21f74nd9iamrlzkh.png",
            "title": "Denim Jacket",
            "price": 69.99
        },
        {
            "id": 13,
            "image": "https://res.cloudinary.com/dlc5c1ycl/image/upload/v1710567613/cwlk21f74nd9iamrlzkh.png",
            "title": "Hoodie",
            "price": 29.99
        },
        {
            "id": 14,
            "image": "https://res.cloudinary.com/dlc5c1ycl/image/upload/v1710567612/qichw3wrcioebkvzudib.png",
            "title": "Black Jeans",
            "price": 59.99
        },
        {
            "id": 15,
            "image": "https://res.cloudinary.com/dlc5c1ycl/image/upload/v1710567612/vy2q98s8ucsywwxjx2cf.png",
            "title": "Cable-Knit Sweater",
            "price": 49.99
        },
        {
            "id": 16,
            "image": "https://res.cloudinary.com/dlc5c1ycl/image/upload/v1710567612/smf81ubnfjennk9qbjm4.png",
            "title": "Peacoat",
            "price": 89.99
        },
        {
            "id": 17,
            "image": "https://res.cloudinary.com/dlc5c1ycl/image/upload/v1710567612/cvafl35dv9wzisdsgtd6.png",
            "title": "Flannel Shirt",
            "price": 34.99
        },
        {
            "id": 18,
            "image": "https://res.cloudinary.com/dlc5c1ycl/image/upload/v1710567613/cwlk21f74nd9iamrlzkh.png",
            "title": "Windbreaker",
            "price": 59.99
        },
        {
            "id": 19,
            "image": "https://res.cloudinary.com/dlc5c1ycl/image/upload/v1710567613/cwlk21f74nd9iamrlzkh.png",
            "title": "Puffer Jacket",
            "price": 119.99
        },
        {
            "id": 20,
            "image": "https://res.cloudinary.com/dlc5c1ycl/image/upload/v1710567612/qichw3wrcioebkvzudib.png",
            "title": "Ripped Jeans",
            "price": 69.99
        }
    ]
}